<?xml version="1.0" encoding="UTF-8" standalone="yes"?>
<addon id="repository.YourRepo" name="NJM REPO" version="1.0" provider-name="NJM">
	<extension point="xbmc.addon.repository" name="NJM Addon Repository">
		<info compressed="false">http://github.com/njm-xbmc/njm-xbmc/My-Repo/raw/master/addons.xml</info>
		<checksum>http://github.com/njm-xbmc/njm-xbmc/My-Repo/raw/master/addons.xml.md5</checksum>
		<datadir zip="true">http://github.com/njm-xbmc/njm-xbmc/My-Repo/raw/master/zips</datadir>
	</extension>
	<extension point="xbmc.addon.metadata">
		<summary>Install MY Addons</summary>
		<description>Download and install addons from NJM.......For OFFICIAL !! Support Visit RGPICS.CO.UK</description>
		<platform>all</platform>
	</extension>
</addon>

